customer,ns_mln
"Amazon ",30.00281899919558
"Atliq Exclusive",23.98251277094944
Flipkart,12.96303774160470
Electricalsocity,12.30760028101753
Propel,11.85595621713804
